[{"model": "contenttypes.contenttype", "pk": 1, "fields": {"app_label": "admin", "model": "logentry"}}, {"model": "contenttypes.contenttype", "pk": 2, "fields": {"app_label": "auth", "model": "permission"}}, {"model": "contenttypes.contenttype", "pk": 3, "fields": {"app_label": "auth", "model": "group"}}, {"model": "contenttypes.contenttype", "pk": 4, "fields": {"app_label": "auth", "model": "user"}}, {"model": "contenttypes.contenttype", "pk": 5, "fields": {"app_label": "contenttypes", "model": "contenttype"}}, {"model": "contenttypes.contenttype", "pk": 6, "fields": {"app_label": "sessions", "model": "session"}}, {"model": "contenttypes.contenttype", "pk": 7, "fields": {"app_label": "knox", "model": "authtoken"}}, {"model": "contenttypes.contenttype", "pk": 8, "fields": {"app_label": "accounts", "model": "mailverification"}}, {"model": "contenttypes.contenttype", "pk": 9, "fields": {"app_label": "posts", "model": "team"}}, {"model": "contenttypes.contenttype", "pk": 10, "fields": {"app_label": "posts", "model": "invitelink"}}, {"model": "contenttypes.contenttype", "pk": 11, "fields": {"app_label": "posts", "model": "post"}}, {"model": "contenttypes.contenttype", "pk": 12, "fields": {"app_label": "posts", "model": "postcomment"}}, {"model": "contenttypes.contenttype", "pk": 13, "fields": {"app_label": "posts", "model": "postrecomment"}}, {"model": "contenttypes.contenttype", "pk": 14, "fields": {"app_label": "posts", "model": "postaction"}}, {"model": "contenttypes.contenttype", "pk": 15, "fields": {"app_label": "posts", "model": "invitelinkusers"}}, {"model": "contenttypes.contenttype", "pk": 16, "fields": {"app_label": "posts", "model": "notification"}}, {"model": "contenttypes.contenttype", "pk": 17, "fields": {"app_label": "posts", "model": "subgroup"}}, {"model": "contenttypes.contenttype", "pk": 18, "fields": {"app_label": "posts", "model": "posttaggeduser"}}, {"model": "contenttypes.contenttype", "pk": 19, "fields": {"app_label": "accounts", "model": "profile"}}, {"model": "sessions.session", "pk": "04i404dbfa69kjksnp9ckp264brfm4c9", "fields": {"session_data": "NDMyNjI3ODExMmQ4M2Y2MWRlODZlMjA2NjdmNmVjNzI2MWE2NjU2ZDp7Il9hdXRoX3VzZXJfaWQiOiI0IiwiX2F1dGhfdXNlcl9iYWNrZW5kIjoiZGphbmdvLmNvbnRyaWIuYXV0aC5iYWNrZW5kcy5Nb2RlbEJhY2tlbmQiLCJfYXV0aF91c2VyX2hhc2giOiJlY2NiZTE4OWZlMmM3ZjBkOGMxMjAxZmQwNTViNDk3OWRlZGRjMGZhIn0=", "expire_date": "2019-05-30T00:44:54.896Z"}}, {"model": "sessions.session", "pk": "1r8p0eo93xx1pctl51luuileqv16xd9l", "fields": {"session_data": "YWY5ZjdkMmFhYTljNDc5ODA1N2ExOTNhMmUxYThhZWRlZjVmNTljMzp7fQ==", "expire_date": "2019-06-02T12:49:07.691Z"}}, {"model": "sessions.session", "pk": "28rjurf70nznu3mo78ijujb79851sznq", "fields": {"session_data": "ZGZiYjgzM2M4NjM2ODRlZWMzMDk0NzM4N2JhYjYyN2RlNDViNGRlZDp7Il9hdXRoX3VzZXJfaWQiOiIxIiwiX2F1dGhfdXNlcl9iYWNrZW5kIjoiZGphbmdvLmNvbnRyaWIuYXV0aC5iYWNrZW5kcy5Nb2RlbEJhY2tlbmQiLCJfYXV0aF91c2VyX2hhc2giOiJlOTdhNmM2ZDkzZTBhMzA3NzUxOTExMmMxMDE1Y2JjMGQyMWZjNjE4In0=", "expire_date": "2019-05-25T09:28:20.903Z"}}, {"model": "sessions.session", "pk": "4csadknzz9oo9xakp9lurxjb3103jtek", "fields": {"session_data": "MWU1YWRiOTBhNDcwYjNjM2ZjZDA0NzE1ZGIwNTU3NDgxNWI4ZTMyYzp7Il9hdXRoX3VzZXJfaWQiOiI2IiwiX2F1dGhfdXNlcl9iYWNrZW5kIjoiZGphbmdvLmNvbnRyaWIuYXV0aC5iYWNrZW5kcy5Nb2RlbEJhY2tlbmQiLCJfYXV0aF91c2VyX2hhc2giOiIzYTJkZDEwYzg0ZWU1ZDExYWUxMjNhMzMxMDMwNDE4ODllODZkMzliIn0=", "expire_date": "2019-05-28T10:26:21.201Z"}}, {"model": "sessions.session", "pk": "4oc4inwbajmjowcm0y2l2s6zr0k9q2bj", "fields": {"session_data": "NDMyNjI3ODExMmQ4M2Y2MWRlODZlMjA2NjdmNmVjNzI2MWE2NjU2ZDp7Il9hdXRoX3VzZXJfaWQiOiI0IiwiX2F1dGhfdXNlcl9iYWNrZW5kIjoiZGphbmdvLmNvbnRyaWIuYXV0aC5iYWNrZW5kcy5Nb2RlbEJhY2tlbmQiLCJfYXV0aF91c2VyX2hhc2giOiJlY2NiZTE4OWZlMmM3ZjBkOGMxMjAxZmQwNTViNDk3OWRlZGRjMGZhIn0=", "expire_date": "2019-05-25T13:54:28.229Z"}}, {"model": "sessions.session", "pk": "74xfytq0538hxwx272k4h4ajj2e768p8", "fields": {"session_data": "MzU0Y2E1OWVjODdkYzMyYTBjN2QxZDhiNTc1NTZiZGRlZWRhM2ViMTp7Il9hdXRoX3VzZXJfaWQiOiIxIiwiX2F1dGhfdXNlcl9iYWNrZW5kIjoiZGphbmdvLmNvbnRyaWIuYXV0aC5iYWNrZW5kcy5Nb2RlbEJhY2tlbmQiLCJfYXV0aF91c2VyX2hhc2giOiIwMjA3YmE3NjRhZWVhODVjZTliODNkNzgwNTZhZGFhZmUzYjYyMWZjIn0=", "expire_date": "2019-06-04T06:48:57.702Z"}}, {"model": "sessions.session", "pk": "7rt5d5s66chk81e2dnjt54lpnbcu87wh", "fields": {"session_data": "NDMyNjI3ODExMmQ4M2Y2MWRlODZlMjA2NjdmNmVjNzI2MWE2NjU2ZDp7Il9hdXRoX3VzZXJfaWQiOiI0IiwiX2F1dGhfdXNlcl9iYWNrZW5kIjoiZGphbmdvLmNvbnRyaWIuYXV0aC5iYWNrZW5kcy5Nb2RlbEJhY2tlbmQiLCJfYXV0aF91c2VyX2hhc2giOiJlY2NiZTE4OWZlMmM3ZjBkOGMxMjAxZmQwNTViNDk3OWRlZGRjMGZhIn0=", "expire_date": "2019-05-30T00:32:19.418Z"}}, {"model": "sessions.session", "pk": "9dsas8ixqysk4tvj6uzex5w3oe2tnl1q", "fields": {"session_data": "ZGZiYjgzM2M4NjM2ODRlZWMzMDk0NzM4N2JhYjYyN2RlNDViNGRlZDp7Il9hdXRoX3VzZXJfaWQiOiIxIiwiX2F1dGhfdXNlcl9iYWNrZW5kIjoiZGphbmdvLmNvbnRyaWIuYXV0aC5iYWNrZW5kcy5Nb2RlbEJhY2tlbmQiLCJfYXV0aF91c2VyX2hhc2giOiJlOTdhNmM2ZDkzZTBhMzA3NzUxOTExMmMxMDE1Y2JjMGQyMWZjNjE4In0=", "expire_date": "2019-05-25T07:58:53.802Z"}}, {"model": "sessions.session", "pk": "cb7nstkvv876tc86de6z4qow08gi9bza", "fields": {"session_data": "MzU0Y2E1OWVjODdkYzMyYTBjN2QxZDhiNTc1NTZiZGRlZWRhM2ViMTp7Il9hdXRoX3VzZXJfaWQiOiIxIiwiX2F1dGhfdXNlcl9iYWNrZW5kIjoiZGphbmdvLmNvbnRyaWIuYXV0aC5iYWNrZW5kcy5Nb2RlbEJhY2tlbmQiLCJfYXV0aF91c2VyX2hhc2giOiIwMjA3YmE3NjRhZWVhODVjZTliODNkNzgwNTZhZGFhZmUzYjYyMWZjIn0=", "expire_date": "2019-06-04T10:25:55.063Z"}}, {"model": "sessions.session", "pk": "d5pz0iqc7dc6owhwchpd11nnzxt98lq3", "fields": {"session_data": "MzU0Y2E1OWVjODdkYzMyYTBjN2QxZDhiNTc1NTZiZGRlZWRhM2ViMTp7Il9hdXRoX3VzZXJfaWQiOiIxIiwiX2F1dGhfdXNlcl9iYWNrZW5kIjoiZGphbmdvLmNvbnRyaWIuYXV0aC5iYWNrZW5kcy5Nb2RlbEJhY2tlbmQiLCJfYXV0aF91c2VyX2hhc2giOiIwMjA3YmE3NjRhZWVhODVjZTliODNkNzgwNTZhZGFhZmUzYjYyMWZjIn0=", "expire_date": "2019-06-02T12:53:45.958Z"}}, {"model": "sessions.session", "pk": "dygnnpo4e6xof7ixkpimyxdlxmbscjzc", "fields": {"session_data": "ZGZiYjgzM2M4NjM2ODRlZWMzMDk0NzM4N2JhYjYyN2RlNDViNGRlZDp7Il9hdXRoX3VzZXJfaWQiOiIxIiwiX2F1dGhfdXNlcl9iYWNrZW5kIjoiZGphbmdvLmNvbnRyaWIuYXV0aC5iYWNrZW5kcy5Nb2RlbEJhY2tlbmQiLCJfYXV0aF91c2VyX2hhc2giOiJlOTdhNmM2ZDkzZTBhMzA3NzUxOTExMmMxMDE1Y2JjMGQyMWZjNjE4In0=", "expire_date": "2019-05-25T08:43:22.852Z"}}, {"model": "sessions.session", "pk": "edbuzyt7lbnj8p0cb1a7mevl6vl1f0k2", "fields": {"session_data": "YWY5ZjdkMmFhYTljNDc5ODA1N2ExOTNhMmUxYThhZWRlZjVmNTljMzp7fQ==", "expire_date": "2019-05-24T19:15:15.093Z"}}, {"model": "sessions.session", "pk": "ezmlo7af7nmucjfmqgmwq8p5himq6576", "fields": {"session_data": "ZGZiYjgzM2M4NjM2ODRlZWMzMDk0NzM4N2JhYjYyN2RlNDViNGRlZDp7Il9hdXRoX3VzZXJfaWQiOiIxIiwiX2F1dGhfdXNlcl9iYWNrZW5kIjoiZGphbmdvLmNvbnRyaWIuYXV0aC5iYWNrZW5kcy5Nb2RlbEJhY2tlbmQiLCJfYXV0aF91c2VyX2hhc2giOiJlOTdhNmM2ZDkzZTBhMzA3NzUxOTExMmMxMDE1Y2JjMGQyMWZjNjE4In0=", "expire_date": "2019-05-24T19:13:58.065Z"}}, {"model": "sessions.session", "pk": "ffepxlvzkk7nzrbbyhqeutypsnxeejhr", "fields": {"session_data": "ODhiYWM4NGVhOTZjMTA3ZjE3M2E3MmVhZjhkNjQyZTc0YjFkZThmNjp7Il9hdXRoX3VzZXJfaWQiOiIxIiwiX2F1dGhfdXNlcl9iYWNrZW5kIjoiZGphbmdvLmNvbnRyaWIuYXV0aC5iYWNrZW5kcy5Nb2RlbEJhY2tlbmQiLCJfYXV0aF91c2VyX2hhc2giOiIwNTQwMmNiMjZkN2EyNzc5ZmZkODcxYmJiZjk1Y2JhNjRhZDNlMzA3In0=", "expire_date": "2019-05-25T12:04:06.640Z"}}, {"model": "sessions.session", "pk": "jnhn8p2rj2wnmazkkf2suia6zdp788jm", "fields": {"session_data": "NzE3NTNlODQyODA5MzJhMGE1M2E5OWU0NjA0ZmQyZTg4Njk5YjM4MTp7Il9hdXRoX3VzZXJfaWQiOiI1IiwiX2F1dGhfdXNlcl9iYWNrZW5kIjoiZGphbmdvLmNvbnRyaWIuYXV0aC5iYWNrZW5kcy5Nb2RlbEJhY2tlbmQiLCJfYXV0aF91c2VyX2hhc2giOiJmZGU2ZGZlMmQ2YjExYTA4NDE3NWMyYWQyNWQ3Mzg1OWMwZjQ5NGQ5In0=", "expire_date": "2019-05-25T19:19:53.418Z"}}, {"model": "sessions.session", "pk": "ox701d1rmak6vn2x0wcnpl0fv7t41bei", "fields": {"session_data": "NDMyNjI3ODExMmQ4M2Y2MWRlODZlMjA2NjdmNmVjNzI2MWE2NjU2ZDp7Il9hdXRoX3VzZXJfaWQiOiI0IiwiX2F1dGhfdXNlcl9iYWNrZW5kIjoiZGphbmdvLmNvbnRyaWIuYXV0aC5iYWNrZW5kcy5Nb2RlbEJhY2tlbmQiLCJfYXV0aF91c2VyX2hhc2giOiJlY2NiZTE4OWZlMmM3ZjBkOGMxMjAxZmQwNTViNDk3OWRlZGRjMGZhIn0=", "expire_date": "2019-05-26T17:09:58.803Z"}}, {"model": "sessions.session", "pk": "qt8xrqme5ogre6zdwbu0368fo7k87pqh", "fields": {"session_data": "MzU0Y2E1OWVjODdkYzMyYTBjN2QxZDhiNTc1NTZiZGRlZWRhM2ViMTp7Il9hdXRoX3VzZXJfaWQiOiIxIiwiX2F1dGhfdXNlcl9iYWNrZW5kIjoiZGphbmdvLmNvbnRyaWIuYXV0aC5iYWNrZW5kcy5Nb2RlbEJhY2tlbmQiLCJfYXV0aF91c2VyX2hhc2giOiIwMjA3YmE3NjRhZWVhODVjZTliODNkNzgwNTZhZGFhZmUzYjYyMWZjIn0=", "expire_date": "2019-05-25T14:37:30.883Z"}}, {"model": "sessions.session", "pk": "r8chldbh0d6qawwjt2amaxutftoxsejv", "fields": {"session_data": "MzU0Y2E1OWVjODdkYzMyYTBjN2QxZDhiNTc1NTZiZGRlZWRhM2ViMTp7Il9hdXRoX3VzZXJfaWQiOiIxIiwiX2F1dGhfdXNlcl9iYWNrZW5kIjoiZGphbmdvLmNvbnRyaWIuYXV0aC5iYWNrZW5kcy5Nb2RlbEJhY2tlbmQiLCJfYXV0aF91c2VyX2hhc2giOiIwMjA3YmE3NjRhZWVhODVjZTliODNkNzgwNTZhZGFhZmUzYjYyMWZjIn0=", "expire_date": "2019-05-25T15:54:32.587Z"}}, {"model": "sessions.session", "pk": "r8m5k7tsb9lk9hqjcb3x8j4wlx50z7k1", "fields": {"session_data": "N2FjN2U1OTRlYmE1ZjdiZWJmNGNjMTgxMmIxYjBlOGNmNmMzZTkzZDp7Il9hdXRoX3VzZXJfaWQiOiIyIiwiX2F1dGhfdXNlcl9iYWNrZW5kIjoiZGphbmdvLmNvbnRyaWIuYXV0aC5iYWNrZW5kcy5Nb2RlbEJhY2tlbmQiLCJfYXV0aF91c2VyX2hhc2giOiIwNTdhODNmNDM0NzlmYTcxOGQ2ZWI1MDIxNzk4Y2ZiYmEwODA5MGNjIn0=", "expire_date": "2019-06-02T13:25:02.480Z"}}, {"model": "sessions.session", "pk": "rreoq1dcrj8x2tmpn69jtovabt9cc2px", "fields": {"session_data": "YWY5ZjdkMmFhYTljNDc5ODA1N2ExOTNhMmUxYThhZWRlZjVmNTljMzp7fQ==", "expire_date": "2019-05-24T19:14:56.282Z"}}, {"model": "sessions.session", "pk": "s4zks39oxry2xmm1q44ihogqyx2e5u1v", "fields": {"session_data": "NDMyNjI3ODExMmQ4M2Y2MWRlODZlMjA2NjdmNmVjNzI2MWE2NjU2ZDp7Il9hdXRoX3VzZXJfaWQiOiI0IiwiX2F1dGhfdXNlcl9iYWNrZW5kIjoiZGphbmdvLmNvbnRyaWIuYXV0aC5iYWNrZW5kcy5Nb2RlbEJhY2tlbmQiLCJfYXV0aF91c2VyX2hhc2giOiJlY2NiZTE4OWZlMmM3ZjBkOGMxMjAxZmQwNTViNDk3OWRlZGRjMGZhIn0=", "expire_date": "2019-06-02T13:22:29.764Z"}}, {"model": "sessions.session", "pk": "sccif4oa4ookbfsnmwbeniuwo7rvjpdk", "fields": {"session_data": "YWY5ZjdkMmFhYTljNDc5ODA1N2ExOTNhMmUxYThhZWRlZjVmNTljMzp7fQ==", "expire_date": "2019-05-25T19:03:50.269Z"}}, {"model": "sessions.session", "pk": "tedcf7y7f7dwo6biizp7q2d0r216m6nt", "fields": {"session_data": "N2FjN2U1OTRlYmE1ZjdiZWJmNGNjMTgxMmIxYjBlOGNmNmMzZTkzZDp7Il9hdXRoX3VzZXJfaWQiOiIyIiwiX2F1dGhfdXNlcl9iYWNrZW5kIjoiZGphbmdvLmNvbnRyaWIuYXV0aC5iYWNrZW5kcy5Nb2RlbEJhY2tlbmQiLCJfYXV0aF91c2VyX2hhc2giOiIwNTdhODNmNDM0NzlmYTcxOGQ2ZWI1MDIxNzk4Y2ZiYmEwODA5MGNjIn0=", "expire_date": "2019-05-25T12:18:52.485Z"}}, {"model": "sessions.session", "pk": "u7wu97h8s05khm1ykstlv7rgyt66vxww", "fields": {"session_data": "MzU0Y2E1OWVjODdkYzMyYTBjN2QxZDhiNTc1NTZiZGRlZWRhM2ViMTp7Il9hdXRoX3VzZXJfaWQiOiIxIiwiX2F1dGhfdXNlcl9iYWNrZW5kIjoiZGphbmdvLmNvbnRyaWIuYXV0aC5iYWNrZW5kcy5Nb2RlbEJhY2tlbmQiLCJfYXV0aF91c2VyX2hhc2giOiIwMjA3YmE3NjRhZWVhODVjZTliODNkNzgwNTZhZGFhZmUzYjYyMWZjIn0=", "expire_date": "2019-06-04T12:11:28.216Z"}}, {"model": "sessions.session", "pk": "wil6al0cph6h1okxeayeiq5smxidkxzn", "fields": {"session_data": "MzU0Y2E1OWVjODdkYzMyYTBjN2QxZDhiNTc1NTZiZGRlZWRhM2ViMTp7Il9hdXRoX3VzZXJfaWQiOiIxIiwiX2F1dGhfdXNlcl9iYWNrZW5kIjoiZGphbmdvLmNvbnRyaWIuYXV0aC5iYWNrZW5kcy5Nb2RlbEJhY2tlbmQiLCJfYXV0aF91c2VyX2hhc2giOiIwMjA3YmE3NjRhZWVhODVjZTliODNkNzgwNTZhZGFhZmUzYjYyMWZjIn0=", "expire_date": "2019-06-04T06:53:45.615Z"}}, {"model": "sessions.session", "pk": "wup9iurmy7z15g1d0mn7oo20frp35hbz", "fields": {"session_data": "MjYyOWNlNjQzN2VkZGY0ODBhOWFlYjgxYmVjMTg4YTU3MGM1YTEyZTp7Il9hdXRoX3VzZXJfaWQiOiIzIiwiX2F1dGhfdXNlcl9iYWNrZW5kIjoiZGphbmdvLmNvbnRyaWIuYXV0aC5iYWNrZW5kcy5Nb2RlbEJhY2tlbmQiLCJfYXV0aF91c2VyX2hhc2giOiI0M2Y4M2ZmZWIxZjg3NGI5NjcyZGZhMDMxMDk1YjYyNzllMWNjM2FjIn0=", "expire_date": "2019-05-25T12:29:43.377Z"}}, {"model": "sessions.session", "pk": "yvlo786p5ol995fjsdvcrjujvxeqdyog", "fields": {"session_data": "MzU0Y2E1OWVjODdkYzMyYTBjN2QxZDhiNTc1NTZiZGRlZWRhM2ViMTp7Il9hdXRoX3VzZXJfaWQiOiIxIiwiX2F1dGhfdXNlcl9iYWNrZW5kIjoiZGphbmdvLmNvbnRyaWIuYXV0aC5iYWNrZW5kcy5Nb2RlbEJhY2tlbmQiLCJfYXV0aF91c2VyX2hhc2giOiIwMjA3YmE3NjRhZWVhODVjZTliODNkNzgwNTZhZGFhZmUzYjYyMWZjIn0=", "expire_date": "2019-06-05T03:14:27.551Z"}}, {"model": "sessions.session", "pk": "zr2rw8lqmpyo3ic894kmxafn5f91n1vr", "fields": {"session_data": "ZGZiYjgzM2M4NjM2ODRlZWMzMDk0NzM4N2JhYjYyN2RlNDViNGRlZDp7Il9hdXRoX3VzZXJfaWQiOiIxIiwiX2F1dGhfdXNlcl9iYWNrZW5kIjoiZGphbmdvLmNvbnRyaWIuYXV0aC5iYWNrZW5kcy5Nb2RlbEJhY2tlbmQiLCJfYXV0aF91c2VyX2hhc2giOiJlOTdhNmM2ZDkzZTBhMzA3NzUxOTExMmMxMDE1Y2JjMGQyMWZjNjE4In0=", "expire_date": "2019-05-24T19:19:48.399Z"}}, {"model": "sessions.session", "pk": "zrz4m2ucrphvjvxirgb1poa1ozuflu8s", "fields": {"session_data": "YWY5ZjdkMmFhYTljNDc5ODA1N2ExOTNhMmUxYThhZWRlZjVmNTljMzp7fQ==", "expire_date": "2019-05-25T19:04:23.192Z"}}, {"model": "sessions.session", "pk": "zuawbrf0sr1tdwssm654afyuacgraob0", "fields": {"session_data": "MzU0Y2E1OWVjODdkYzMyYTBjN2QxZDhiNTc1NTZiZGRlZWRhM2ViMTp7Il9hdXRoX3VzZXJfaWQiOiIxIiwiX2F1dGhfdXNlcl9iYWNrZW5kIjoiZGphbmdvLmNvbnRyaWIuYXV0aC5iYWNrZW5kcy5Nb2RlbEJhY2tlbmQiLCJfYXV0aF91c2VyX2hhc2giOiIwMjA3YmE3NjRhZWVhODVjZTliODNkNzgwNTZhZGFhZmUzYjYyMWZjIn0=", "expire_date": "2019-05-28T14:47:15.133Z"}}, {"model": "posts.notification", "pk": 35, "fields": {"group": 7, "created_on": "2019-05-19T13:19:01.319Z", "text": "rammanoj posted post  123", "link": "group/7/5/post/16/", "post": null}}, {"model": "posts.notification", "pk": 36, "fields": {"group": 7, "created_on": "2019-05-19T13:19:10.010Z", "text": "rammanoj posted psot 123", "link": "group/7/5/post/17/", "post": null}}, {"model": "posts.notification", "pk": 37, "fields": {"group": 7, "created_on": "2019-05-19T13:19:16.568Z", "text": "rammanoj updated psot 121", "link": "group/7/5/post/17/", "post": null}}, {"model": "posts.notification", "pk": 38, "fields": {"group": 7, "created_on": "2019-05-19T13:19:30.814Z", "text": "rammanoj commented on post post  123", "link": "group/7/5/post/16", "post": null}}, {"model": "posts.notification", "pk": 39, "fields": {"group": 9, "created_on": "2019-05-19T13:27:35.904Z", "text": "durveshnaik posted test sub group", "link": "group/9/9/post/18/", "post": null}}, {"model": "posts.notification", "pk": 40, "fields": {"group": 9, "created_on": "2019-05-19T13:35:35.026Z", "text": "vvvsumit joined the group", "link": null, "post": null}}, {"model": "posts.notification", "pk": 41, "fields": {"group": 9, "created_on": "2019-05-19T15:01:48.414Z", "text": "vvvsumit posted Test Post", "link": "group/9/8/post/19/", "post": null}}, {"model": "posts.notification", "pk": 42, "fields": {"group": 9, "created_on": "2019-05-19T15:17:32.207Z", "text": "vvvsumit like post Test Post", "link": "group/9/8/post/19", "post": null}}, {"model": "posts.notification", "pk": 43, "fields": {"group": 9, "created_on": "2019-05-19T15:17:32.863Z", "text": "vvvsumit like post Test Post", "link": "group/9/8/post/19", "post": null}}, {"model": "posts.notification", "pk": 44, "fields": {"group": 7, "created_on": "2019-05-21T06:50:45.193Z", "text": "rammanoj posted first one", "link": "group/7/3/post/20/", "post": null}}, {"model": "posts.notification", "pk": 45, "fields": {"group": 7, "created_on": "2019-05-21T06:51:45.670Z", "text": "rammanoj commented on post first one", "link": "group/7/3/post/20", "post": null}}, {"model": "posts.notification", "pk": 46, "fields": {"group": 7, "created_on": "2019-05-21T06:52:15.064Z", "text": "rammanoj commented on post first one", "link": "group/7/3/post/20", "post": null}}, {"model": "auth.permission", "pk": 1, "fields": {"name": "Can add log entry", "content_type": 1, "codename": "add_logentry"}}, {"model": "auth.permission", "pk": 2, "fields": {"name": "Can change log entry", "content_type": 1, "codename": "change_logentry"}}, {"model": "auth.permission", "pk": 3, "fields": {"name": "Can delete log entry", "content_type": 1, "codename": "delete_logentry"}}, {"model": "auth.permission", "pk": 4, "fields": {"name": "Can add permission", "content_type": 2, "codename": "add_permission"}}, {"model": "auth.permission", "pk": 5, "fields": {"name": "Can change permission", "content_type": 2, "codename": "change_permission"}}, {"model": "auth.permission", "pk": 6, "fields": {"name": "Can delete permission", "content_type": 2, "codename": "delete_permission"}}, {"model": "auth.permission", "pk": 7, "fields": {"name": "Can add group", "content_type": 3, "codename": "add_group"}}, {"model": "auth.permission", "pk": 8, "fields": {"name": "Can change group", "content_type": 3, "codename": "change_group"}}, {"model": "auth.permission", "pk": 9, "fields": {"name": "Can delete group", "content_type": 3, "codename": "delete_group"}}, {"model": "auth.permission", "pk": 10, "fields": {"name": "Can add user", "content_type": 4, "codename": "add_user"}}, {"model": "auth.permission", "pk": 11, "fields": {"name": "Can change user", "content_type": 4, "codename": "change_user"}}, {"model": "auth.permission", "pk": 12, "fields": {"name": "Can delete user", "content_type": 4, "codename": "delete_user"}}, {"model": "auth.permission", "pk": 13, "fields": {"name": "Can add content type", "content_type": 5, "codename": "add_contenttype"}}, {"model": "auth.permission", "pk": 14, "fields": {"name": "Can change content type", "content_type": 5, "codename": "change_contenttype"}}, {"model": "auth.permission", "pk": 15, "fields": {"name": "Can delete content type", "content_type": 5, "codename": "delete_contenttype"}}, {"model": "auth.permission", "pk": 16, "fields": {"name": "Can add session", "content_type": 6, "codename": "add_session"}}, {"model": "auth.permission", "pk": 17, "fields": {"name": "Can change session", "content_type": 6, "codename": "change_session"}}, {"model": "auth.permission", "pk": 18, "fields": {"name": "Can delete session", "content_type": 6, "codename": "delete_session"}}, {"model": "auth.permission", "pk": 19, "fields": {"name": "Can add auth token", "content_type": 7, "codename": "add_authtoken"}}, {"model": "auth.permission", "pk": 20, "fields": {"name": "Can change auth token", "content_type": 7, "codename": "change_authtoken"}}, {"model": "auth.permission", "pk": 21, "fields": {"name": "Can delete auth token", "content_type": 7, "codename": "delete_authtoken"}}, {"model": "auth.permission", "pk": 22, "fields": {"name": "Can add mail verification", "content_type": 8, "codename": "add_mailverification"}}, {"model": "auth.permission", "pk": 23, "fields": {"name": "Can change mail verification", "content_type": 8, "codename": "change_mailverification"}}, {"model": "auth.permission", "pk": 24, "fields": {"name": "Can delete mail verification", "content_type": 8, "codename": "delete_mailverification"}}, {"model": "auth.permission", "pk": 25, "fields": {"name": "Can add team", "content_type": 9, "codename": "add_team"}}, {"model": "auth.permission", "pk": 26, "fields": {"name": "Can change team", "content_type": 9, "codename": "change_team"}}, {"model": "auth.permission", "pk": 27, "fields": {"name": "Can delete team", "content_type": 9, "codename": "delete_team"}}, {"model": "auth.permission", "pk": 28, "fields": {"name": "Can add invite link", "content_type": 10, "codename": "add_invitelink"}}, {"model": "auth.permission", "pk": 29, "fields": {"name": "Can change invite link", "content_type": 10, "codename": "change_invitelink"}}, {"model": "auth.permission", "pk": 30, "fields": {"name": "Can delete invite link", "content_type": 10, "codename": "delete_invitelink"}}, {"model": "auth.permission", "pk": 31, "fields": {"name": "Can add post", "content_type": 11, "codename": "add_post"}}, {"model": "auth.permission", "pk": 32, "fields": {"name": "Can change post", "content_type": 11, "codename": "change_post"}}, {"model": "auth.permission", "pk": 33, "fields": {"name": "Can delete post", "content_type": 11, "codename": "delete_post"}}, {"model": "auth.permission", "pk": 34, "fields": {"name": "Can add post comment", "content_type": 12, "codename": "add_postcomment"}}, {"model": "auth.permission", "pk": 35, "fields": {"name": "Can change post comment", "content_type": 12, "codename": "change_postcomment"}}, {"model": "auth.permission", "pk": 36, "fields": {"name": "Can delete post comment", "content_type": 12, "codename": "delete_postcomment"}}, {"model": "auth.permission", "pk": 37, "fields": {"name": "Can add post re comment", "content_type": 13, "codename": "add_postrecomment"}}, {"model": "auth.permission", "pk": 38, "fields": {"name": "Can change post re comment", "content_type": 13, "codename": "change_postrecomment"}}, {"model": "auth.permission", "pk": 39, "fields": {"name": "Can delete post re comment", "content_type": 13, "codename": "delete_postrecomment"}}, {"model": "auth.permission", "pk": 40, "fields": {"name": "Can add post action", "content_type": 14, "codename": "add_postaction"}}, {"model": "auth.permission", "pk": 41, "fields": {"name": "Can change post action", "content_type": 14, "codename": "change_postaction"}}, {"model": "auth.permission", "pk": 42, "fields": {"name": "Can delete post action", "content_type": 14, "codename": "delete_postaction"}}, {"model": "auth.permission", "pk": 43, "fields": {"name": "Can add invite link users", "content_type": 15, "codename": "add_invitelinkusers"}}, {"model": "auth.permission", "pk": 44, "fields": {"name": "Can change invite link users", "content_type": 15, "codename": "change_invitelinkusers"}}, {"model": "auth.permission", "pk": 45, "fields": {"name": "Can delete invite link users", "content_type": 15, "codename": "delete_invitelinkusers"}}, {"model": "auth.permission", "pk": 46, "fields": {"name": "Can add notification", "content_type": 16, "codename": "add_notification"}}, {"model": "auth.permission", "pk": 47, "fields": {"name": "Can change notification", "content_type": 16, "codename": "change_notification"}}, {"model": "auth.permission", "pk": 48, "fields": {"name": "Can delete notification", "content_type": 16, "codename": "delete_notification"}}, {"model": "auth.permission", "pk": 49, "fields": {"name": "Can add sub group", "content_type": 17, "codename": "add_subgroup"}}, {"model": "auth.permission", "pk": 50, "fields": {"name": "Can change sub group", "content_type": 17, "codename": "change_subgroup"}}, {"model": "auth.permission", "pk": 51, "fields": {"name": "Can delete sub group", "content_type": 17, "codename": "delete_subgroup"}}, {"model": "auth.permission", "pk": 52, "fields": {"name": "Can add post tagged user", "content_type": 18, "codename": "add_posttaggeduser"}}, {"model": "auth.permission", "pk": 53, "fields": {"name": "Can change post tagged user", "content_type": 18, "codename": "change_posttaggeduser"}}, {"model": "auth.permission", "pk": 54, "fields": {"name": "Can delete post tagged user", "content_type": 18, "codename": "delete_posttaggeduser"}}, {"model": "auth.permission", "pk": 55, "fields": {"name": "Can add profile", "content_type": 19, "codename": "add_profile"}}, {"model": "auth.permission", "pk": 56, "fields": {"name": "Can change profile", "content_type": 19, "codename": "change_profile"}}, {"model": "auth.permission", "pk": 57, "fields": {"name": "Can delete profile", "content_type": 19, "codename": "delete_profile"}}, {"model": "auth.user", "pk": 1, "fields": {"password": "pbkdf2_sha256$36000$KdZ7HtZ1A2A6$oEsCa1NE+B7YmWKGMDR/MONL/b20PcJedEMzEHhPBek=", "last_login": "2019-05-22T03:14:27.547Z", "is_superuser": true, "username": "rammanoj", "first_name": "", "last_name": "", "email": "rammanoj@gmail.com", "is_staff": true, "is_active": true, "date_joined": "2019-05-10T19:04:46.718Z", "groups": [], "user_permissions": []}}, {"model": "auth.user", "pk": 2, "fields": {"password": "pbkdf2_sha256$36000$HTR6AcvO4iqB$63DLAwSNfqkuPkBj0GpBXEPvYhCebFJqQxAjey507BA=", "last_login": "2019-05-19T13:25:02.476Z", "is_superuser": false, "username": "durveshnaik", "first_name": "", "last_name": "", "email": "idurveshn@gmail.com", "is_staff": false, "is_active": true, "date_joined": "2019-05-11T12:16:09.347Z", "groups": [], "user_permissions": []}}, {"model": "auth.user", "pk": 3, "fields": {"password": "pbkdf2_sha256$36000$Mruq96kojru5$nf9hrMqm0PHoKA8Xugmji0v3FPx41iQQcHYCFWA/6mQ=", "last_login": "2019-05-11T12:29:43.374Z", "is_superuser": false, "username": "akshaysborate", "first_name": "", "last_name": "", "email": "akshaysborate@gmail.com", "is_staff": false, "is_active": true, "date_joined": "2019-05-11T12:28:17.833Z", "groups": [], "user_permissions": []}}, {"model": "auth.user", "pk": 4, "fields": {"password": "pbkdf2_sha256$36000$sTZRXb0RxVb4$JHy10IrHiGbLolkOw/RR1GbeZdcdtmcWXX71islFP5s=", "last_login": "2019-05-19T13:22:29.759Z", "is_superuser": false, "username": "vvvsumit", "first_name": "", "last_name": "", "email": "vizsumit@gmail.com", "is_staff": false, "is_active": true, "date_joined": "2019-05-11T13:53:34.059Z", "groups": [], "user_permissions": []}}, {"model": "auth.user", "pk": 5, "fields": {"password": "pbkdf2_sha256$36000$IJDjOLVEImaZ$FZo5kFP4oObN2p+J2iiAkW97OOQ7l2DGcuK7ZnFhxOI=", "last_login": "2019-05-11T19:19:53.414Z", "is_superuser": false, "username": "rammanoj1", "first_name": "", "last_name": "", "email": "rammanojpotla1608@gmail.com", "is_staff": false, "is_active": true, "date_joined": "2019-05-11T19:19:22.987Z", "groups": [], "user_permissions": []}}, {"model": "auth.user", "pk": 6, "fields": {"password": "pbkdf2_sha256$36000$KhEjrFqoaZqC$VzytKMhKgN8juQeGkh96ZT+gz8pqAAAQjfYyeTYiRcQ=", "last_login": "2019-05-14T10:26:21.198Z", "is_superuser": true, "username": "ram", "first_name": "", "last_name": "", "email": "", "is_staff": true, "is_active": true, "date_joined": "2019-05-14T10:26:10.958Z", "groups": [], "user_permissions": []}}, {"model": "knox.authtoken", "pk": "2f4c464a12efaaa15ae2e82eedd94747a37665f0fff0f1ad27d28f34fd776206998133e3dd97b65c74838c0c43b8a7e637dab3803aa59344080e79a979f29b37", "fields": {"token_key": "1cb16da9", "salt": "fe4e7b6143301800", "user": 1, "created": "2019-05-21T12:11:28.214Z", "expires": "2019-05-28T12:11:28.214Z"}}, {"model": "knox.authtoken", "pk": "391a22e645e932f0efe7fbf7a8c69c57bd3f8a4379a6c3de2d523d35b296fbce754a6b842f89d6a02e86dbb816b01d82c478cdf3de39571969dd75217e5201e3", "fields": {"token_key": "5ae5e847", "salt": "91339bdc1e16724c", "user": 5, "created": "2019-05-11T19:19:53.416Z", "expires": "2019-05-18T19:19:53.416Z"}}, {"model": "knox.authtoken", "pk": "6c8b566761cced811bb3230804c43d54388276d14f6b4fe212211f489b5e7478e2207f4cfbafd7be39d46f9a9cd08798682b8e632821d7e4cb7ae4c89a16bb0c", "fields": {"token_key": "01292528", "salt": "b4fac9964a508186", "user": 3, "created": "2019-05-11T12:29:43.375Z", "expires": "2019-05-18T12:29:43.375Z"}}, {"model": "knox.authtoken", "pk": "77bd793f0e0bbd29d0fab2d1bfd375e531c8a3785c1af4bd00b93489f0e4c84106374f19d1aada1a75f3b55e14cd29ac4ef9b9e93ef5c6ff6f26fe84a4a8418f", "fields": {"token_key": "78a0f6e6", "salt": "47c72d36c8b1870c", "user": 1, "created": "2019-05-22T03:14:27.549Z", "expires": "2019-05-29T03:14:27.549Z"}}, {"model": "knox.authtoken", "pk": "a03cada14cf2fe55d8ba4ead3fe4f9c225876714aa87e8f730904f344438ae2648f52bb9395f340ce44d8a0f3660cf311dfd12de124f6f50c348e6d2e6a17b9a", "fields": {"token_key": "019b41fc", "salt": "12df71d3decb09ca", "user": 4, "created": "2019-05-12T17:09:58.801Z", "expires": "2019-05-19T17:09:58.800Z"}}, {"model": "knox.authtoken", "pk": "bb2a7fa44d1940b839283ea9049c0d8f8c9849111363ab5c87d4b461007698733e76df5386a0e0ea10afd5b86f0b8fa0935ae12925ba2afffc73946c34c8a818", "fields": {"token_key": "51a019f6", "salt": "377fa1cfd5fb7f3f", "user": 4, "created": "2019-05-16T00:32:19.416Z", "expires": "2019-05-23T00:32:19.416Z"}}, {"model": "knox.authtoken", "pk": "c2bb4f35cb61ad683a03b50712d176cead43a16ec110d720f3d9d94c6f2cdcdb1bad8493314504cdeb43f4e6ac228329b28f80d273a33119845fb0d81614a2c9", "fields": {"token_key": "3423898f", "salt": "808e644f8e147a4a", "user": 4, "created": "2019-05-16T00:44:54.894Z", "expires": "2019-05-23T00:44:54.894Z"}}, {"model": "knox.authtoken", "pk": "ce91e76560bb863d0935f31127205883fcbf944519fd8836c6dbad66e260ba1206f5f7a4bdfd6bbd95d801a2e09e1ad5f827edba47a96a982353cd53c7fbe582", "fields": {"token_key": "c8a21728", "salt": "9b37906181244c4f", "user": 2, "created": "2019-05-19T13:25:02.478Z", "expires": "2019-05-26T13:25:02.478Z"}}, {"model": "knox.authtoken", "pk": "f9c7e2d06731ced2b6eb48bf939d4e7bed83965aa80c8131c1391d531a548ace25452027ee762c426813b8d915605376f07d451e9d97e998799937adb80292e8", "fields": {"token_key": "1c6a311f", "salt": "6b7c0c01abd0d8b1", "user": 4, "created": "2019-05-19T13:22:29.761Z", "expires": "2019-05-26T13:22:29.761Z"}}, {"model": "posts.team", "pk": 7, "fields": {"name": "hello group", "about": "this is a hello one", "created_by": 1, "created_on": "2019-05-19T12:55:44.973Z", "pic": "", "user": [1]}}, {"model": "posts.team", "pk": 8, "fields": {"name": "Sumit' Test", "about": "Nothing to tell about this group", "created_by": 4, "created_on": "2019-05-19T13:23:20.792Z", "pic": "", "user": [4]}}, {"model": "posts.team", "pk": 9, "fields": {"name": "Testing Group", "about": "Graphics and bugs test", "created_by": 2, "created_on": "2019-05-19T13:25:16.010Z", "pic": "", "user": [2, 4]}}, {"model": "posts.subgroup", "pk": 3, "fields": {"name": "second one", "team": 7, "created_on": "2019-05-19T12:58:35.823Z", "created_by": 1}}, {"model": "posts.subgroup", "pk": 5, "fields": {"name": "main", "team": 7, "created_on": "2019-05-19T13:13:20.826Z", "created_by": 1}}, {"model": "posts.subgroup", "pk": 6, "fields": {"name": "main", "team": 8, "created_on": "2019-05-19T13:23:20.798Z", "created_by": 4}}, {"model": "posts.subgroup", "pk": 7, "fields": {"name": "sub group", "team": 8, "created_on": "2019-05-19T13:25:10.071Z", "created_by": 4}}, {"model": "posts.subgroup", "pk": 8, "fields": {"name": "main", "team": 9, "created_on": "2019-05-19T13:25:16.016Z", "created_by": 2}}, {"model": "posts.subgroup", "pk": 9, "fields": {"name": "one more subgroup", "team": 9, "created_on": "2019-05-19T13:27:08.968Z", "created_by": 2}}, {"model": "posts.post", "pk": 16, "fields": {"header": "post  123", "created_by": 1, "created_on": "2019-05-19T13:19:01.268Z", "about": "this is a saomple post", "group": 5, "file": ""}}, {"model": "posts.post", "pk": 17, "fields": {"header": "psot 121", "created_by": 1, "created_on": "2019-05-19T13:19:10.000Z", "about": "asdasd", "group": 5, "file": ""}}, {"model": "posts.post", "pk": 18, "fields": {"header": "test sub group", "created_by": 2, "created_on": "2019-05-19T13:27:35.894Z", "about": "testing posts", "group": 9, "file": ""}}, {"model": "posts.post", "pk": 19, "fields": {"header": "Test Post", "created_by": 4, "created_on": "2019-05-19T15:01:48.396Z", "about": "Test test test", "group": 8, "file": "uploads/Opera_Snapshot_2019-04-30_104954_localhost.png"}}, {"model": "posts.post", "pk": 20, "fields": {"header": "first one", "created_by": 1, "created_on": "2019-05-21T06:50:45.175Z", "about": "this is a sample post to test", "group": 3, "file": "uploads/avengers1.jpg"}}, {"model": "posts.posttaggeduser", "pk": 1, "fields": {"user": 1, "post": 16}}, {"model": "posts.posttaggeduser", "pk": 2, "fields": {"user": 1, "post": 20}}, {"model": "posts.postcomment", "pk": 4, "fields": {"comment": "comment here", "post": 16, "user": 1, "created_on": "2019-05-19T13:19:30.807Z"}}, {"model": "posts.postcomment", "pk": 5, "fields": {"comment": "this is a sample comment", "post": 20, "user": 1, "created_on": "2019-05-21T06:51:45.665Z"}}, {"model": "posts.postcomment", "pk": 6, "fields": {"comment": "this is second comment", "post": 20, "user": 1, "created_on": "2019-05-21T06:52:15.060Z"}}, {"model": "posts.postaction", "pk": 16, "fields": {"action": "like", "post": 19, "user": 4, "created_on": "2019-05-19T15:17:32.850Z"}}, {"model": "posts.postrecomment", "pk": 4, "fields": {"comment": 4, "re_comment": "reply here", "user": 1, "created_on": "2019-05-19T13:19:37.862Z"}}, {"model": "posts.postrecomment", "pk": 6, "fields": {"comment": 6, "re_comment": "this is a sample reply", "user": 1, "created_on": "2019-05-21T06:52:28.557Z"}}, {"model": "admin.logentry", "pk": 1, "fields": {"action_time": "2019-05-18T18:55:01.074Z", "user": 6, "content_type": 9, "object_id": "5", "object_repr": "Testing", "action_flag": 3, "change_message": ""}}, {"model": "admin.logentry", "pk": 2, "fields": {"action_time": "2019-05-18T18:55:01.081Z", "user": 6, "content_type": 9, "object_id": "3", "object_repr": "group 3", "action_flag": 3, "change_message": ""}}, {"model": "admin.logentry", "pk": 3, "fields": {"action_time": "2019-05-18T18:55:01.083Z", "user": 6, "content_type": 9, "object_id": "2", "object_repr": "group 2", "action_flag": 3, "change_message": ""}}, {"model": "admin.logentry", "pk": 4, "fields": {"action_time": "2019-05-18T18:55:01.084Z", "user": 6, "content_type": 9, "object_id": "1", "object_repr": "group 1", "action_flag": 3, "change_message": ""}}]